num_topics,coherence_c_v
10,0.5329824266142223
12,0.5129342499207407
14,0.5703507086855037
16,0.5403212072510699
18,0.5681334041222271
20,0.6095845779257809
22,0.555065028284462
