num_topics,coherence_c_v
10,0.5425850591694921
12,0.5545256654586118
14,0.5733864412862978
16,0.62951653681159
18,0.6257640755690548
20,0.617334008358852
22,0.5830218279795168
